,Educational Games I have played,Price (most free),Format,Play It?,Link,Catigory,Notes,Length (Hours),Grade Level (Minimum),Image Link,Lesson Plans,Filament Games
Edu,Turtle Academy,0,Flash,No,https://www.brainpop.com/games/turtleacademy/,Programming,Basic Programming (Drag 'n drop),<1,4+,TurtleAcademy,,
Edu,Run Marco!,0,Web,No,https://www.brainpop.com/games/runmarco/,Programming,Basic Programming (Drag 'n drop),1,4+,RunMarko,,
Edu,Blockly: Maze,0,Web,No,https://www.brainpop.com/games/blocklymaze/,Programming,Basic Programming (Drag 'n drop),<1,3+,BlocklyMaze,,
Edu,Codecombat: Ogre Encounter,0,Web,Yes,https://www.brainpop.com/games/codecombatogreencounter/,Programming,Basic Programming (Typing),Class,5+,CodeCombat,,
Edu,Slice Fractions: School Edition,0/$5,Flash,Maybe,https://www.brainpop.com/games/slicefractionsschooledition/,Math,Vaguely teaches fraction estimation,<1,3-5,SliceFractions,,
Edu,A Tangled Web,0,Web,Yes,https://www.brainpop.com/games/atangledweb/,Math,Geometry (Contains serious math),2,7+,TangledWeb,,
Edu,Pyramid Panic,0,Flash,Yes,https://www.brainpop.com/games/pyramidpanic/,Math,Geometry (unreasonably difficult),<1,3+,PyramidPanic,,
Edu,Square Off,0,Flash,Maybe,https://www.brainpop.com/games/squareoff/,Math,Perimeter,<0.25,3+,SquareOff,,
Edu,Area Builder,0,Web,Maybe,https://www.brainpop.com/games/areabuilder/,Math,Perimeter and Area,<0.25,3+,AreaBuilder,,
Edu,Balancing Act,0,Web,Yes,https://www.brainpop.com/games/balancingact/,Physics,Levers/Balances,<0.5,4+,BalancingAct,,
Edu,Simple Machines Game,0,Flash,Maybe,https://www.brainpop.com/games/simplemachinesgame/,Physics,Levers` pulleys` wheels` inclined planes,<0.25,3-8,SimpleMachines,,
,,,,,,,,,,,,
Edu,Chronopticon,0,Flash,Yes,https://www.brainpop.com/games/chronopticon/,Astro-Physics,Astronomy: Phases of Sun` Moon` and constellations,<1,5+,Chronopticon,,
Edu,Kerbal Space Program,40,exe,YES!,http://store.steampowered.com/app/220200/Kerbal_Space_Program/,Astro-Physics,Orbital mechanics (EDU version also available),∞,9+,KSP,,
,,,,,,,,,,,,
Edu,Lawcraft,0,Flash,Yes,https://www.brainpop.com/games/lawcraft/,Government,Getting a bill through the legislative branch,<1,6+,LawCraft,,
,,,,,,,,,,,,
Edu,Ninja Kitchen,0,Flash,YES!,https://www.brainpop.com/games/ninjakitchen/,Misc.,Food prep safety,<1,5+,NinjaKitchen,,
,,,,,,,,,,,,
Edu,Wave Combinator,0,Web,Yes,https://www.brainpop.com/games/wavecombinator/,Physics,Constructive and destructive wave interference,<0.5,6+,WaveCombinator,,
Edu,Wind Simulator,0,Web,Yes,https://www.brainpop.com/games/windsimulator/,Physics,High and low pressure weather systems,<0.5,4+,,,
Edu,Disaster Detector,0,Flash,Yes,https://ssec.si.edu/disaster-detector,Weather,Atomspheric measurements to predict disasters,1,5+,DisasterDetector,,
Edu,Hot Air Balloon,0,Web,Yes,https://www.brainpop.com/games/hotairballoon/,Physics,Buoyancy,<0.5,3+,HotAirBalloon,,
Edu,Magnethunt,0,Web,Yes,https://www.brainpop.com/games/magnethunt/,Physics,Magnets and electromagnets,<0.75,3+,MagnetHunt,,
Edu,The Electric Shocktopus,0/$6,exe,Yes,http://testtubegames.com/shocktopus.html,Physics,Magnets and magnetic fields,<0.5,6+,Shocktopus,,
Edu,Velocity Raptor,0,Web,Yes,http://testtubegames.com/velocityraptor.html,Physics,Relativity and near light speed travel,1,9+,VelocityRaptor,,
Edu,Odyssey: The Invention of Science,15,exe,Yes,http://store.steampowered.com/app/558110/Odyssey__The_Next_Generation_Science_Game/,Physics,Heliocentric/Geocentric models and related physics,5,4-10,Odyssey,,
,,,,,,,,,,,,
Edu,Particulars,6,exe,Yes,http://store.steampowered.com/app/259470/Particulars/,Physics,Subatomic particle mechanics,7,9+,Particulars,,
Edu,Quantum Marble Maze,0,.jar,Yes,http://tropic.org.uk/~crispin/quantum/,Physics,Quantum mechanics,1,9+,QuantumMarbleMaze,,
Edu,Bond Breaker,0,Unity Web GL,Yes,http://testtubegames.com/bondbreaker.html,Physics,Atoms bonding,2,7+,BondBreaker,,
,,,,,,,,,,,,
Edu,One Man Band,0,Flash,,https://www.brainpop.com/games/onemanband/,Misc.,Very basic music mixing,<0.25,0-4,OneManBand,,
,,,,,,,,,,,,
Edu,Carmen Sandiago,0,DOS,Maybe,https://classicreload.com/where-in-the-world-is-carmen-sandiego-deluxe-edition.html ,Geography,Cities` their location` and a very brief history,varies,varies,CarmenSandiago,,
Edu,Do I Have A Right?,0,Web,Yes,https://www.brainpop.com/games/doihavearight/,Government,Bill of rights (best of this series),,,,,
Edu,Court Quest,0,Flash,Maybe,https://www.brainpop.com/games/courtquest/,Government,Government: Court system of the US,0.25,6+,CourtQuest,,
Edu,Win The White House,0,Web,No,https://www.brainpop.com/games/winthewhitehouse/,Government,Ideals of the Democratic and Repubilcan parties,<0.5,9+,WinWhiteHouse,,
Edu,Branches Of Power,0,Flash,Maybe,https://www.brainpop.com/games/branchesofpower/,Government,Pass a law through 3 branches of US federal government,<0.5,4+,BranchesOfPower,,
Edu,Cast Your Vote,0,Flash,NO!,https://www.brainpop.com/games/castyourvote/,Government,Political personality test,<0.25,0,CastYourVote,,
Edu,Executive Command,0,Web,Maybe,https://www.brainpop.com/games/executivecommand/,Government,Perform the duties of the president,<0.5,3+,ExecutiveCommand,,
Edu,Immigration Nation,0,Flash,Yes,https://www.icivics.org/games/immigration-nation,Government,Rules for immigrating to the US,<0.5,3+,ImmigrationNation,,
Edu,We The Jury,0,Flash,No,https://www.brainpop.com/games/wethejury/,Government,Act as a juror on a court case,,,,,
Edu,Argument Wars,0,Flash,Maybe,https://www.brainpop.com/games/argumentwars/,History,Historic Supreme Court cases,,,,,
Edu,Activate,0,Flash,No,https://www.brainpop.com/games/activate/,Government,Manage a social advocacy group,,,,,
Edu,Counties Work,0,Web,Maybe,https://www.brainpop.com/games/countieswork/,Government,Bureaucracy,,,,,
Edu,People's Pie,0,Flash,Yes,https://www.brainpop.com/games/peoplespie/,Government,Federal Budget,,,PeoplesPie,,
Edu,Represent Me,0,Flash,Maybe,https://www.brainpop.com/games/representme/,None!,Stereotyping ,,,,,
HW,Dino School Series,0,Android,NO!,https://play.google.com/store/apps/details?id=co.familyplay.dinograde5free,Math,Random school adjacent quizes.,2,2+,,,
HW,_ Grade Learning Games Series,0/$4,Android,NO!,https://play.google.com/store/apps/details?id=com.kevinbradford.games.sixthgrade,Many,Random games with quiz questions jamed in ,2,4+,SixthGradeLearningGames,,
,,,,,,,,,,,,
Edu,Sine Rider,0,exe,YES!,http://sineridergame.com/,Math,Graphing equations and equations graphs,3,6+,,,
Edu,Quations,0,,No,https://www.newgrounds.com/portal/view/680544,Math,Just play Sine Rider,<1/4,,,,
,,,,,,,,,,,,
Edu,Supreme Decision,0,Flash,No,https://www.brainpop.com/games/supremedecision/,Government,How the Supreme court makes decisions,,,,,
Sim,Ostevera,0,Web,No,https://ostevera.spongelab.com/game/index.cfm,Government,Infrastructure management,<0.5,3+,Ostevera,,
Issue,This War Of Mine,20,exe,No,http://store.steampowered.com/app/282070/This_War_of_Mine/,Issue,The effects of war on civilians,,,,,
Issue,Invasion!!,0,Flash,Maybe,https://www.brainpop.com/games/invasion/,Issue,Invasive species,,,,,
Issue,Sam And Nicole,0,exe,No,https://sigridsanglar.itch.io/sam-and-nicole-demo,Issue,Gay relationships,,,,,
Issue,Yaku International,0,Web,No,http://www.kongregate.com/games/MouseCity/yaku-international,Issue,Getting water in Africa,<0.5,0+,YakuInternational,,no
Issue,Super Energy Apocalypse,0,,Maybe,http://www.newgrounds.com/portal/view/430963,Issue,Waste managment and pollution,1,,SuperEnergyApocalypse,,no
Issue,Aquation,0,Web,No,http://ssec.si.edu/sites/default/files/games/Aquation/index.html,Issue,Vague idea of the world's drinkable water supply system.,<0.25,0+,Aquation,,Filament Games
Issue,SimCity Edu: Pollution Challenge,,exe,No,https://www.glasslabgames.org/games/SC,Issue,Pollution,,3+,,,
Edu,Galactic Gloop Zoo,0,Flash,Yes,http://cct2.edc.org/rubyrealm/module4/bin/Module4.html,Physics,Heat transfer,,,,,
Edu,The Ruby Realm,0,Flash,Yes,http://cct2.edc.org/rubyrealm/bin/RubyRealmFlash.html,Biology,Cellular processes,,,,,
Edu,Roboriot,0,Flash,Maybe,http://cct2.edc.org/rubyrealm/roboriot2/bin/RoboRiot.html,Biology,Punnett squares,,,,,
Edu,Fuzzies,0,,Yes,https://www.newgrounds.com/portal/view/544333,Biology,Punnett squares,,,,,
,Crescent Loom,0/19,,,http://wick.works/crescentloom/,Biology,,,,,,
Edu,Immune Defense,0,Flash,Maybe,https://www.kongregate.com/games/DrAnn/immune-defense,Biology,Components of immune cells.,2,6+,ImmuneDefense,,
Edu,Cell Defense,0,Web,Maybe,https://biomanbio.com/HTML5GamesandLabs/Cellgames/celldefensehtml5page.html,Biology,Cell wall basics,<0.5,6+,CellDefense,,
Edu,Osy Osmosis,$3,exe,,http://www.osyosmosis.com/,Biology,,,,,,
Edu,Phylo: The DNA Puzzle Game,0,Web,,https://phylo.cs.mcgill.ca/#,,,,,,,
Edu,Monster Music,0,Flash,No,http://cct2.edc.org/rubyrealm/monstermusic2/bin/MonsterMusic.html,None!,Not a lot honestly (it's supposed to teach about electricity),,2+,,,
,,,,,,,,,,,,
Edu,Code Fred: Survival Mode,0,Flash,Yes,https://www.brainpop.com/games/codefredsurvivalmode/,Biology,Human systems,<0.5,4+,CodeFred,,
Edu,Cellcraft,0,Flash,Yes,https://www.kongregate.com/games/cellcraft/cellcraft,Biology,Components in a cell,,,,,
Edu,Ligand Quest,0,exe,Yes,https://artii.itch.io/ligandquest,Biology,Ligands,,,,,
Edu,Metablast,0,exe,Yes,http://www.metablast.org/,Biology,Microscopic tour of ?human? cells and systems,,,,,
Edu,Sepsis,0,Flash,No,http://www.newgrounds.com/portal/view/382253,Biology,Sepsis (a disease),<1/2,,,,
Edu,Life Preservers,0,Unity Web,Maybe,https://www.brainpop.com/games/lifepreservers/,Biology,Evolutionary Trees: very tutorial heavy,<1/4,1+,,,
,,,,,,,,,,,,
Edu,Morphy!,0,ipad Only?,,https://ssec.si.edu/morphy,,,,,Morphy,,yes
Edu,Bacteria Combat,0/?,ipad Only?,,http://gamedrlimited.com/bacteria-combat,Biology,Don't know. IOS store won't admit it even exists.,0,8+,BacteriaCombat,,no
Edu,SYNMOD Game ,0,IOS,,https://www.biofaction.com/portfolio/synmod-game/,Biology,Don't know. IOS store won't admit it even exists.,,,,,no
Edu,Dragon Breeder,0,Web,,http://www.spongelab.com/interactives/dragon_breeder/index.cfm,Biology,Genes and genotypes,,8+,DragonBreeder,,
,,,,,,,,,,,,
,,,,,,,,,,,,
Edu,Lost In Dutchland,0,exe or Web GL,Yes,https://gamejolt.com/games/Lost_In_Deutschland/289399,Language,German Language,,0+,,,
,,,,,,,,,,,,
Edu,Flap To The Future,0,Web,No,https://www.brainpop.com/games/flaptothefuture/,Biology,Evolution,<1/4,2+,,,
Edu,Immune Quest,0/$15,exe,No,http://immunequest.com/,Biology,Human immune cells,2,13+,,,
,,,,,,,,,,,,
Edu,Mission Us: A Cheyenne Odyssey,0,Flash,Yes,https://www.brainpop.com/games/missionusacheyenneodyssey/,History,Native Americans,,5+,,,
Edu,Mission Us: City Of Immigrants,0,Flash,Yes,https://www.brainpop.com/games/missionuscityofimmigrants/,History,1820s life in NY as an immigrant,,5+,,,
Edu,Mission Us: Up From The Dust,0,Flash,Yes,https://www.brainpop.com/games/missionusupfromthedust/,History,The American Dust Bowl,,5+,,,
Edu,Walden,0,,Maybe,https://gameinnovationlab.itch.io/walden,Literature,Philosophy: Henry David Thoreau doing very little,,7+,,,
,,,,,,,,,,,,
Edu,Food Chain Game,0,Flash,Yes,https://www.brainpop.com/games/foodchaingame/,Biology,Food chain,<1/4,,,,
Edu,Food Fight,0,Web,No,https://www.brainpop.com/games/foodfight/,Biology,Food chain: couldn't figure out how to play,<1/4,,Exotrex,,
Edu,Exotrex,$6,Web,No,https://dig-itgames.com/portfolio/exotrex-game-science-space-grade8/,,"element symbols, subatomic particles, and identifying renewable and nonrenewable resources",,6-10,Exotrex2,,
Edu,Exotrex2,$6,Web,No,https://dig-itgames.com/portfolio/exotrex2-science-planetary_game/,,"relative distances between planets and other celestial bodies, as well as Newton's third law",,6-10,,,
Edu,Rational Redux,0,Flash(works in chrome),Yes,http://www.kongregate.com/games/tjubert/ir-rational-redux,Math,Logic puzzles and proofs (propositional calculus)[Profanity],<1,6+,RationalRedux,,
,Tools (Teaches nothing on it's own),Price,Format,Play It?,Link,,Notes,,,,,
Tool,Minecraftedu,???,exe,Yes,https://education.minecraft.net/,Anything,It takes a skilled teacher to make this worth using.,∞,0+,MinecraftEdu,,
Tool,,0,Web,,https://www.geogebra.org/,Graphing,,∞,,,,
Tool,Desmos,0,Web,,https://www.desmos.com/,Graphing,,∞,,,,
,,,,,,,,,,,,
,,,,,,,,,,,,
,,,,,,,,,,,,
,,,,,,,,,,,,
,WrkBk (workbook text dumps then tests),,Format,Play It?,Link,,Notes,,,,,
WorkBook,Excavate! Byzantine Education Game,$4,multiple,No,https://dig-itgames.com/portfolio/excavate-byzantine-social-studies-game/,History,An archiologist looks at Byzantine culture,,,ExcavateByzantine,,
WorkBook,Excavate! Mesopotamia,$4,multiple,No,https://dig-itgames.com/portfolio/excavate-mesopotamia-world-history-game-culture/#Mat,History,An archiologist looks at Mesopotamian culture,,,ExcavateMesopotamia,,
WorkBook,Excavate! Egypt,$4,multiple,No,https://dig-itgames.com/portfolio/excavate-egypt-world-history-lesson-game/,History,An archiologist looks at Egyptian culture,,,ExcavateEgypt,,
WorkBook,Excavate! Mesoamerica,$4,multiple,No,https://dig-itgames.com/portfolio/excavate-mesoamerica-inca-maya-history-game/,History,An archiologist looks at Mesoamerican culture,,,ExcavateMesoamerica,,
WorkBook,Excavate! Greece,$4,multiple,No,https://dig-itgames.com/portfolio/excavate-greece-world-history-greek/,History,An archiologist looks at anchient Greek culture,,,ExcavateGreece,,
WorkBook,Excavate! Rome,$4,multiple,No,https://dig-itgames.com/portfolio/excavate-ancient-rome-social-studies/,History,An archiologist looks at anchient Roman culture,,,ExcavateRome,,
Edu,Roman Town 2,$1,multiple,NO!,https://dig-itgames.com/portfolio/roman-town-2-social-studies-puzzles/,History,Random mini-games intercut with Roman culture,,,RomanTown2,,
WorkBook,Loot Pursuit: Early America,$3,Web,No,https://dig-itgames.com/portfolio/maya-math-education-game/,Math,Math practice (visual novel intercut with math problems),,2-6,LootEarly,,
WorkBook,Loot Pursuit: Maya,$3,Web,No,https://dig-itgames.com/portfolio/maya-math-education-game/,Math,Math practice (visual novel intercut with math problems),,2-6,LootMaya,,
,,,,,,,,,,,,
,Non-Subject Based,Price,Format,Play It?,Link,,Notes,,,,,
Edu,Brilliant.org,0/25month,Web,No,Brilliant.org,Many,What 2010 thought textbooks would be in 2020.,∞,9+,Brillian,,
Edu,CK-12,0,Web,,https://www.ck12.org/student/,Many,What 2020 textbooks should look like.,,,,,
Edu,The Sports Network 2,0,Flash,No,https://www.brainpop.com/games/thesportsnetwork2/,Job,Working at a news company,,4+,,,
Issue,Digital Compass,0,Flash,NO!,https://www.brainpop.com/games/digitalcompass/,Issue,"""morality"" (very vague and unhelpful) (propaganda)",,2-4,,,
Edu,Medmyst Animal Alert!,0,Flash,Yes,https://www.brainpop.com/games/medmystanimalalert/,Job,Job as a pathologist,,6+,,,
Edu,Quandary,0,Web,Yes,https://www.brainpop.com/games/quandary/,Managment,Making decisions based on public opinion,,4+,,,
Edu,After The Storm: Day One,0,Web,Yes,https://www.brainpop.com/games/afterthestormdayone/,Job,Job at a modern newspaper,,6+,,,
Edu,Community In Crisis: Aftermath,0,Web,No,https://www.brainpop.com/games/communityincrisistheaftermath/,Job,Running a community center,,6+,,,
,Homework Games (Practicing Skills Rather Than Learning New Ones),Must be free,Format,Play It?,Link,,Notes,,,,,
,     Most Problems In These Games Have Exactly 1 Solution.,,,,,,,,,,,
HW,Addition Blocks,0,Web,Yes,https://www.brainpop.com/games/additionblocks/,Math,Math practice (addition) [Actually good],,1-4,,,
HW,Multiplication Blocks,0,Web,Yes,https://www.brainpop.com/games/multiplicationblocks/,Math,Math practice (multiplication) [Actually good],,2-4,,,
HW,La Torre De Nozar,0,exe,Yes,https://sebagames.itch.io/la-torre-de-nozar,Math,Math practice (MATH PUNCHER!),,2-4,,,
HW,Gate,0,Flash,YES!,https://www.brainpop.com/games/gate/,Math,Math practice (addution and subtraction),,2-4,,,
HW,Number Munchers,0,,Maybe,https://classicreload.com/number-munchers.html,Math,Math practice (+ - x / primes),,1-4,,,
HW,Lure Of The Labyrinth: Cafeteria,0,Flash,No,https://www.brainpop.com/games/lureofthelabyrinthemployeecafeteria/,Math,Math practice (confusing),,,,,
HW,Math Blaster (Original),0,,No,https://classicreload.com/math-blaster-plus.html,Math,Math practice (confusing),,1-4,,,
HW,Math Blaster (Modern),0,exe,No,http://www.mathblaster.com/,Math,"Math practice and ""educational"" mini-games",,0-4,,,
HW,Lure Of The Labyrinth: Lounge,0,Flash,No,https://www.brainpop.com/games/lureofthelabyrinthemployeelounge/,Math,Math practice (confusing),,,,,
HW,Lure Of The Labyrinth: Mine,0,Flash,No,https://www.brainpop.com/games/lureofthelabyrinthmineshaft/,Math,Math practice (confusing),,,,,
HW,Number Jumble,0,Flash,No,https://www.brainpop.com/games/numberjumble/,Math,Math practice (very boring),,1-4,,,
HW,Primary Krypto,0,Flash,Maybe,https://www.brainpop.com/games/primarykrypto/,Math,Math practice (relatively complicated),,1-4,,,
HW,Teachley Mt. Multiplis,0,Web,No,https://www.brainpop.com/games/teachleymtmultiplis/,Math,Math practice (Visual multiplication),,,,,
HW,Deep Sea Duel,0,Flash,No,https://www.brainpop.com/games/deepseaduel/,Math,Math practice (addition),,1-4,,,
HW,Addition Snowball Fight,0,,Yes,https://www.newgrounds.com/portal/view/489100,Math,Math practice (addition),,1-4,,,
HW,Jelly Bean,0,Flash,No,https://www.brainpop.com/games/jellybean/,Math,Math practice (addition and subtraction),,1-2,,,
HW,Riddlebooks,0,Flash,No,https://www.brainpop.com/games/riddlebooks/,Math,Math practice / word problems (bad user interface),,2-4,,,
HW,Mathoria (Series),0,exe,No,http://store.steampowered.com/app/434480/Mathoria_It_All_Adds_Up/,Math,Math practice (RPG with math poorly replacing combat),,,,,
HW,Loot Pursuit: Pompeii,0/$4,IOS,No,https://itunes.apple.com/us/app/loot-pursuit-pompeii/id853849610?mt=8,Math,Math practice (visual novel intercut with math problems),,2-6,LootPompeii,,
HW,Gi-Tract Chain Game,0,,YES!,https://www.newgrounds.com/portal/view/650397,Biology,GI-Tract (learn parts of the digestion system),,4+,,,
HW,Amino Acid Match Game,0,,Maybe,https://www.newgrounds.com/portal/view/631652,Biology,Human Amino Acids (test with no tutorial at all),,,,,
HW,Glycolysis Match Game,0,,Maybe,https://www.athleticarcade.com/educational/match/glycolysis.html,Biology,Glycolysis (trial and error matching game),,,,,
HW,Ibiome-Wetland School Edition,0,Flash,No,https://www.brainpop.com/games/ibiomewetlandschooledition/,Biology,Something about ecosystems???,,,,,
HW,Forgotten Island,0,Flash,Maybe,https://citizensort.org/web.php/forgottenisland,Biology,A citizen science game about identifing bugs,>2,4+,Forgotten Island,,
HW,Knowledge Mine,0,Flash,NO!,http://www.spongelab.com/interactives/km/,Biology,Biology test with a game theme.,2,12+,KnowledgeMine,,
HW,Greek Alphabet Match Game,0,,No,https://www.athleticarcade.com/educational/match/greek-alphabet.html,Literature,Greek Alphabet: trial and error matching game,,,,,
HW,Adapted Mind - Math,$10/m,Web,No,http://www.adaptedmind.com/Math-Worksheets.php,Math,Homweork for various types of math problems,,1-6,AdaptedMath,,
HW,Adapted Mind - Reading,0/$10/m,Web,NO!,http://www.adaptedmind.com/reading.php,Literature,Literature test prep,,1-6,AdaptedReading,,
,,,,,,,,,,,,
HW,Production Line,0,Web,No,http://www.kongregate.com/games/ChrisM15/production-line,Physics,What color metals burn,<1/4,6+,ProductionLine,,
HW,Bird Song Hero,0,Web,Yes,https://www.brainpop.com/games/birdsonghero/,Physics,Waveform/Sound association,,4+,,,
HW,Lost In Translation,0,exe  Unreal 4,No,https://mottomi.itch.io/lost-in-translation,Literature,French,,0+,,,
HW,Matter Sorter,0,Flash,Yes,https://www.brainpop.com/games/mattersorter/,Physics,Sort Solids` liquids` gases` and plasmas,<1/4,,,,
,,,,,,,,,,,,
HW,Wuzzit Trouble,0,Firefox,No,https://www.brainpop.com/games/wuzzittrouble/,Math,Add and subtract by fixed values (difficult controls),,1-4,,,
HW,Treefrog Treasure,0,Flash,Yes,https://www.brainpop.com/games/treefrogtreasure/,Math,Fractions/Decimals practice (0 to 1),,1-4,,,
HW,Battleship Numberline,0,Flash,Yes,https://www.brainpop.com/games/battleshipnumberline/,Math,Fractions/Decimals estimation practice,,1-4,,,
HW,Dig It,0,Flash,No,https://www.brainpop.com/games/digit/,Math,Fractions practice (0 to 9),,1-4,,,
HW,Drop Zone,0,Flash,No,https://www.brainpop.com/games/dropzone/,Math,Fractions practice (adding to 1),,1-4,,,
HW,Flower Power,0,Web,No,https://www.brainpop.com/games/flowerpower/,Math,Couldn't figure this one out,,,,,
HW,Monster School Bus,0,Flash,No,https://www.brainpop.com/games/monsterschoolbus/,Math,Adding to 10,,1-2,,,
HW,Pearl Diver,0,Flash,No,https://www.brainpop.com/games/pearldiver/,Math,Number estimation and button mashing,,,,,
HW,Ratio Rumble,0,Flash,No,https://www.brainpop.com/games/ratiorumble/,Math,Ratio practice,,1-4,,,
HW,Branches Of Government Game,0,Flash,No,https://www.brainpop.com/games/branchesofgovernmentgame/,Government,3 US Federal Gov. Branches Test,,,,,
HW,Checks And Balances,0,Flash,No,https://www.brainpop.com/games/checksandbalances/,Government,3 US Federal Gov. Branches Test,,,,,
HW,Chef Solus' Build-A-Meal,0,Flash,No,https://www.brainpop.com/games/chefsolusbuildameal/,Health,Create a day's worth of balanced meals,,,,,
HW,Quill,0,Flash,No,https://www.brainpop.com/games/quill/,Literature,You are an editor (very bland),,,,,
HW,Oncology,0,Flash,Maybe,https://www.brainpop.com/games/oncology/,Biology,How cancer is detected and treated,,,,,
HW,Foldit,0,exe,Maybe,https://fold.it/,Physics,Folding proteins,∞,9+,,,
,,,,,,,,,,,,
HW,World Countries Quiz,0,,Yes,https://www.newgrounds.com/portal/view/629856,Geography,Test names` capitals` or flags of world countries.,,,,,
HW,Conquering Europe,0,,No,https://www.newgrounds.com/portal/view/625046,Geography,Test names or cities of European countries,,,,,
HW,Lord Of The Flies,0,Flash,No,https://www.brainpop.com/games/lordoftheflies/,Literature,Test for the book Lord of the Flies,,,,,
HW,Theoreum,0,exe,No,https://misfitvillage.itch.io/theoreum,Physics,Text dumps,<1/4,,,,
HW,Guts And Bolts,0,Web,Yes,https://www.brainpop.com/games/gutsandbolts/,Biology,Human systems inputs and outputs,,,,,
HW,Build-A-Body: Digestive System,0,Flash,Yes,https://www.brainpop.com/games/buildabodydigestivesystem/,Biology,Human Biology: drag 'n drop,,,,,
HW,Organ Transplant 2,0,,Maybe,https://www.newgrounds.com/portal/view/600659,Biology,Human Biology: drag 'n drop,,,,,
HW,Immune System Game,0,,No,https://www.newgrounds.com/portal/view/478787,Biology,Human Biology: Fill in the blank,,,,,
HW,Build-A-Tree,0,Flash,Yes,https://www.brainpop.com/games/buildatree/,Biology,Tree Biology: drag 'n drop,,,,,
HW,Sortify (Series),0,Web,No,https://www.brainpop.com/games/sortify/,Literature,Vocabulary (sorting by association),,,,,
HW,Tynker (Series),0,Flash,Maybe,https://www.brainpop.com/games/game-finder/?game_keyword=developer:%20Tynker,Programming,Basic programming (Drag 'n drop),,,,,
HW,Time Zone X (Series),0,Web,No,https://www.brainpop.com/games/timezonex/,History,Historical timelines,,,,,
HW,The Meaning Of Beep (Series),0,Web,No,https://www.brainpop.com/games/themeaningofbeep/,Literature,Vocabulary,,,,,
,,,,,,,,,,,,
HW,Chemistry,0,,No,https://www.newgrounds.com/portal/view/635310,Chemistry,Build Molecules,<3/4,,,,
,,,,,,,,,,,,
HW,Circle Master 2,0,Web,Maybe,http://www.kongregate.com/games/akane2002/circle-master-2-gravitation,Physics,Gravity,<0.5,4+,CircleMaster,,
HW,Solarium,0,exe,No,http://sunfleck.com/,Biology,A walking simulator / quiz game about plants.,1,6+,Solarium,,
,,,,,,,,,,,,
,Simulations (There Is No Way To Win Or Lose),Price,Format,Play It?,Link,,Notes,,,,,
Sim,Build A Solar System,0,Flash,No,https://www.brainpop.com/games/buildasolarsystem/,Astro-Physics,2D orbital mechanics sim,<1/4,,,,
,,,,,,,,,,,,
Sim,Color Vision,0,Web,Yes,https://www.brainpop.com/games/colorvision/,Physics,Light spectrum and vision,<1/4,,,,
Sim,Molecules And Light,0,Web,Yes,https://www.brainpop.com/games/moleculesandlight/,Physics,Light interaction with particles,<1/4,,,,
Sim,Phet Interactive Simulations,0,Web,Yes,https://phet.colorado.edu/,Physics,Many physics simulations,a lot,0+,Phet,,
Sim,Explore Learning,,,,https://www.explorelearning.com/,Many,Many physics simulations,a lot,3+,,,
Sim,SimCityEDU,,,,https://www.glasslabgames.org/games/SC,,,,,,,
Sim,The Fiscal Ship,0,Web,No,https://www.brainpop.com/games/thefiscalship/,Government,Balancing the US federal budget,<1/4,,,,
Sim,What Plants Need,0,Flash,Yes,https://www.brainpop.com/games/whatplantsneed/,Biology,Biological inputs of plants: Water` light` CO2,<1/4,,,,
Sim,Desalination,0,Flash,No,https://www.brainpop.com/games/desalination/,Physics,Desalinating water (I couldn't figure it out),<1/4,,,,
Sim,Cool Science Careers: Imagine Y.,0,Flash,Maybe,https://www.brainpop.com/games/coolsciencecareersimagineyourself/,Biology,Neuropsychology` toxicology` epidemiology` neurobiology,,,,,
Sim,District,0,Web,Yes,http://polytrope.com/district/,Government,Gerrymandering ,,,,,
Sim,Parable Of The Polygons,0,Web,Yes,http://ncase.me/polygons/,Math,Statistics of population diversity,<1/2,,,,
Sim,American Revolution Timeline,0,Flash,No,https://www.brainpop.com/games/americanrevolutiontimeline/,History,American revolution timeline,<1/4,,,,
Sim,Pavlov's Dog,0,Flash,No,https://www.brainpop.com/games/pavlovsdog/,Misc.,Phycology: Pavlov's dog and that's it,<1/4,,,,
Sim,Concentration,0,Web,No,https://www.brainpop.com/games/concentration/,Chemistry,Solution concentrations,<1/4,,,,
Sim,Energy Skate Park: Basics,0,Web,Yes,https://www.brainpop.com/games/energyskateparkbasics/,Physics,Energy = Potential + Kinetic + Friction losses,<1/4,,,,
Sim,Graphing Lines,0,Web,No,https://www.brainpop.com/games/graphinglines/,Math,Graphs,<1/4,,,,
Sim,Wave On A String,0,Web,Maybe,https://www.brainpop.com/games/waveonastring/,Physics,Waves,<1/4,,,,
Sim,Quantum Minigolf,0,exe,Maybe,http://quantumminigolf.sourceforge.net/,Physics,Quantum mechanics (uncertainty),<1/4,,,,
Sim,Sizing Up The Universe,0,Web,No,https://www.brainpop.com/games/sizinguptheuniverse/,Astro-Physics,Shows scale of planetary/universal bodies,<1/4,,,,
Sim,Gravity Simulator,0/$6,Web,,http://testtubegames.com/gravity.html,Physics,Gravity,∞,6+,GravitySimulator,,
Sim,Universe Sandbox,25,exe,Maybe,http://store.steampowered.com/app/230290/Universe_Sandbox/,Astro-Physics,Orbits and other planetary physics,<1/4,,,,
Sim,Csi: Flight Adv. Forces Of Flight,0,Flash,No,https://www.brainpop.com/games/csiflightadventuresforcesofflight/,Physics,Not a lot (Was obviously made for a museum),<1/4,,,,
Sim,Csi: Flight Adv. Flight School,0,Flash,No,https://www.brainpop.com/games/csiflightadventuresflightschool/,Physics,Not a lot (Was obviously made for a museum),<1/4,,,,
Sim,Construct-A-Saurus,0,Flash,No,https://www.brainpop.com/games/constructasaurus/,History,Dinosaurs (Was obviously made for a museum),<1/4,,,,
Sim,Stock Market Game,0,,No,https://www.newgrounds.com/portal/view/410269,Misc.,Stock market game (exactly as boring as it sounds),<1/4,,,,
,Vilmonic,,,No,,,,,,,,
Sim,Sticky Outie Bits,0,,No,https://www.newgrounds.com/portal/view/629919,Biology,Basic fish anatomy and artificial selection,<1/4,,,,
,Could Have Just Been A Video (Mostly Non-Interactive),Price,Format,Play It?,Link,,Notes,,,,,
Vid,Virtual Labs: U. Water Activity,0,Flash,No,https://www.brainpop.com/games/virtuallabsunderstandingwateractivity/,Job,Water concentration in food affects shelf life,<1/2,,,,
Vid,Virtual Labs (Series),0,Flash,No,https://www.brainpop.com/games/game-finder/?game_keyword=developer:%20NMSU%20Learning%20Games%20Lab,Job,Brief overview of some jobs,<1/2,,,,
Vid,Drake Equation,0,Flash,No,https://www.brainpop.com/games/drakeequation/,Misc.,Watch www.youtube.com/watch?v=8YmiRfCDeNg instead,<1/4,,,,
Vid,Close-Knit Neighbors,0,Flash,No,https://www.brainpop.com/games/closeknitneighbors/,Biology,Ecosystems of microbes,<1/4,,,,
Vid,Apollo 11 VR,0,VR Game,,http://store.steampowered.com/app/457860/Apollo_11_VR/,History,Moon Landing,,,,,
Vid,Titanic VR,0,VR Game,,http://store.steampowered.com/app/741430/Titanic_VR/,History,Titanic,,,,,
Vid,Operation Ebola!,0,Web,NO!,https://catlilli.itch.io/ebola,Biology,Ebola Virus (slide show with terrible game at the end),<0.25,9+,Ebola,,
Vid,Space Simulator,10,exe,NO!,https://store.steampowered.com/app/529060/Space_Simulator/,Astro-Physics,Flight simulator for historical space flights.,2?,4+,SpaceSimulator,,
Vid,Powers of Minus Ten,$2,IOS,No,http://powersofminusten.com/,Biology,Zoom in on cells to see them at different magnifications,<1,6+,POMT,,
,,,,,,,,,,,,
,Unindexed,Price,Format,Play It?,Link,,Notes,,,,,
,,,,,,,,,,,,
,Bill Nye: Stop the rock,,,,,,,,,,,
,Dr. Brain Series,,,,,,,,,,,
,Machineers,2x $5,exe,Maybe,https://store.steampowered.com/app/356090/Machineers__Episode_1_Tivoli_Town/,Systems,,2x 3,,Machineers,,
,Orbiter 2010,,,,,Astro-Physics,,,,,,
,Space Engine,,,,,,,,,,,
,Oregon trail,,,,,,,,,,,
,DragonBox Algebra,,,,https://itunes.apple.com/us/app/dragonbox-algebra-12/id634444186?mt=8,,,,,,,
,IFSCL (Code Lyoko fan game),0,,,,,Programming: Running command line,,,,,
,Quadrilateral Cowboy,20,,,http://store.steampowered.com/app/240440/Quadrilateral_Cowboy/,,Programming: Running command line,,,,,
,,,,,https://phet.colorado.edu/en/simulations/category/new,,,,,,,
,Open Source Physics at Singapore,0,,,,,,,,,,
,,,,,,,,,,,,
,Don't Flood,0,web,,http://pbskids.org/designsquad/games/dont_flood/,,Flooding and water runoff,,,,,
,Inside Einsteins Head,0,web,,https://www.lucify.com/inside-einsteins-head/,,Relativity,,,,,
,,,,,,,,,,,,
,Quantum Game with Photons,0,,,http://quantumgame.io/,,,,,,,
,,,,,https://www.bls.gov/k12/content/games/geography-quiz/geography-quiz.htm,,,,,,,
,Peacemaker,2,IOS & exe,,http://www.peacemakergame.com/,,Israel Palestinian conflict,,,,,
,,,,,,,,,,,,
,Periodictable game,,,,,,,,,,,
,Human Resource Machine,10,,,http://store.steampowered.com/app/375820/Human_Resource_Machine/,,Programming,,,,,
,,,,,,,,,,,,
,conspiracy code game - History,,,,LET ME KNOW IF YOU HAVE ACCESS. I CANN'T FIND A COPY.,,,,,,,
,the pox hunter,Not released yet,,,http://loki.stockton.edu/~games/PoxHunter.html,,Philadelphia born and raised` hunting down Smallpox most of my days.,,,,,
,Revolu-o-Industrial,,,,Do I really want to include this one?,,YAM TOSSER 2017!!!!!!!!!!!,,,,,
,,,,,,,,,,,,
,The Radix,,,,https://www.radixendeavor.org/teachers,,MMO: Must have reputation before requesting access,,,,,
,Simple Rockets,,IOS,,,,,,,,,
,Relativistic Donkey Kong,,Unit webGL,No,,,Relativity: shows but explains nothing,,,,,
,,,,,,,,,,,,
,,,,,,,,,,,,
,251,,,61,,,,,,,,
,# of cells filled - headers = Total # of games,,,Yes + YES!,,,,,,,,
,,,,,,,,,,,,
,,,,94,,,,,,,,
,,,,Yes + YES! + Maybe,,,,,,,,
,,,,,,,,,,,,
,,,,89,,,,,,,,
,,,,No,,,,,,,,
,,,,,,,,,,,,
,,,,194,,,,,,,,
,,,,Total games rated,,,,,,,,